{
  "accuracy": 0.8480590804665701,
  "confusion_matrix": [
    [
      77247,
      1332
    ],
    [
      14078,
      8764
    ]
  ],
  "f1_score": 0.5321513145910498,
  "n_test_samples": 101421,
  "precision": 0.868066561014263,
  "recall": 0.3836791874616934
}