{
  "classes": {
    "0": {
      "mean": [
        45.76582314725851,
        3.1285354322692305,
        36.16148295675081,
        6.475804758238472,
        1.7826691439879359,
        1.333270764003334,
        0.43336366355092615,
        2.3254538397419173,
        0.12637838112993846,
        0.19465318562729464,
        0.0007158355550747968,
        0.0,
        0.00033405659236823856,
        0.00598756673178119,
        0.059165556196067136,
        0.14064944394864615
      ],
      "prior": 0.774779571443009,
      "var": [
        609.2793259644008,
        22.74316469298667,
        354.7114979401773,
        16.57480480023787,
        0.7082792327989275,
        7.229264272682303,
        1.6547821058077243,
        1.7544441425884718,
        0.11472735117411027,
        0.49424320001993666,
        0.0009698424430101033,
        1e-09,
        0.0003339449985606973,
        0.005951715776387618,
        0.006988188403095008,
        0.001084726567595774
      ]
    },
    "1": {
      "mean": [
        71.05881644759164,
        10.26156573892677,
        51.68109533868161,
        9.116155369983256,
        3.0081209162845166,
        0.719707997241953,
        0.32354518490954265,
        3.0798629732184875,
        0.2938086221803894,
        0.5706311768761834,
        0.015213037244579671,
        0.0007223456533397541,
        0.03372040845363307,
        0.28738412371811006,
        0.1053569133537978,
        0.13854860039386913
      ],
      "prior": 0.22522042855699098,
      "var": [
        5525.236370326501,
        444.2106824020505,
        2637.919422955406,
        81.55650431823118,
        6.730838405587177,
        2.4963359761953563,
        1.8864752513811625,
        4.895339118129157,
        0.6234248764635841,
        2.1129314286042202,
        0.01848388269794817,
        0.0007218238700965819,
        0.032583342507364645,
        0.20479448915290413,
        0.021252098966394836,
        0.002239179407794751
      ]
    }
  },
  "feature_names": [
    "url_length",
    "digit_count",
    "letter_count",
    "symbol_count",
    "num_dots",
    "num_hyphens",
    "num_underscores",
    "num_slashes",
    "num_question_marks",
    "num_equals",
    "num_at",
    "has_https",
    "has_ip_pattern",
    "has_suspicious_keyword",
    "digit_ratio",
    "symbol_ratio"
  ]
}